{
  "head": "pop",
  "modifier": "rnb",
  "recommended_scenarios": [
    {
      "pop": 0.95,
      "rnb": 0.95,
      "hook_repetition": 0.629,
      "@scenario_probability": 3.3697039600000007,
      "@scenario_score": 3.3697039600000007
    },
    {
      "pop": 0.95,
      "rnb": 0.95,
      "high_repetition": 0.629,
      "@scenario_probability": 3.3697039600000007,
      "@scenario_score": 3.3697039600000007
    }
  ]
}