{
  "head": "rock",
  "modifier": "rap",
  "recommended_scenarios": [
    {
      "rock": 0.95,
      "high_repetition": 0.8,
      "hook_repetition": 0.6,
      "@scenario_probability": 7.296000000000001,
      "@scenario_score": 7.296000000000001
    },
    {
      "rock": 0.95,
      "high_repetition": 0.6,
      "@scenario_probability": 7.296000000000001,
      "@scenario_score": 7.296000000000001
    },
    {
      "rock": 0.95,
      "high_repetition": 0.8,
      "catchy_chorus": 0.6,
      "@scenario_probability": 7.296000000000001,
      "@scenario_score": 7.296000000000001
    }
  ]
}